seq,t,adc,temperature,humidity,sound,button,device_ms,host_monotonic_ns,host_unix_ns,source
0,0,27568,24,48,900,0,,,,synthetic
1,50,27649,24,48,904,0,,,,synthetic
2,100,27720,24,48,908,0,,,,synthetic
3,150,27772,24,48,912,0,,,,synthetic
4,200,27798,24,48,916,0,,,,synthetic
5,250,27799,24,48,920,0,,,,synthetic
6,300,27780,24,48,924,0,,,,synthetic
7,350,27751,24,48,927,0,,,,synthetic
8,400,27725,24,48,931,0,,,,synthetic
9,450,27713,24,48,935,0,,,,synthetic
10,500,27728,24,48,938,0,,,,synthetic
11,550,27772,24,48,942,0,,,,synthetic
12,600,27847,24,48,945,0,,,,synthetic
13,650,27945,24,48,948,0,,,,synthetic
14,700,28055,24,48,952,0,,,,synthetic
15,750,28164,24,48,955,0,,,,synthetic
16,800,28259,24,48,957,0,,,,synthetic
17,850,28329,24,48,960,0,,,,synthetic
18,900,28368,24,48,963,0,,,,synthetic
19,950,28375,24,48,965,0,,,,synthetic
20,1000,28357,24,48,967,0,,,,synthetic
21,1050,28324,24,48,969,0,,,,synthetic
22,1100,28289,24,48,971,0,,,,synthetic
23,1150,28263,24,48,973,0,,,,synthetic
24,1200,28257,24,48,975,0,,,,synthetic
25,1250,28277,24,48,976,0,,,,synthetic
26,1300,28321,24,48,977,0,,,,synthetic
27,1350,28384,24,48,978,0,,,,synthetic
28,1400,28454,24,48,979,0,,,,synthetic
29,1450,28519,24,48,979,0,,,,synthetic
30,1500,28566,24,48,980,0,,,,synthetic
31,1550,28584,24,48,980,0,,,,synthetic
32,1600,28568,24,48,980,0,,,,synthetic
33,1650,28519,24,48,980,0,,,,synthetic
34,1700,28444,24,48,979,0,,,,synthetic
35,1750,28353,24,48,979,0,,,,synthetic
36,1800,28260,24,48,978,0,,,,synthetic
37,1850,28177,24,48,977,0,,,,synthetic
38,1900,28116,24,48,976,0,,,,synthetic
39,1950,28081,24,48,974,0,,,,synthetic
40,2000,28073,24,48,973,0,,,,synthetic
41,2050,28085,24,48,971,0,,,,synthetic
42,2100,28108,24,48,969,0,,,,synthetic
43,2150,28128,24,48,967,0,,,,synthetic
44,2200,28133,24,48,965,0,,,,synthetic
45,2250,28114,24,48,962,0,,,,synthetic
46,2300,28066,24,48,960,0,,,,synthetic
47,2350,27990,24,48,957,0,,,,synthetic
48,2400,27892,24,48,954,0,,,,synthetic
49,2450,27785,24,48,951,0,,,,synthetic
50,2500,27682,24,48,948,0,,,,synthetic
51,2550,27596,24,48,945,0,,,,synthetic
52,2600,27537,24,48,941,0,,,,synthetic
53,2650,27511,24,48,938,0,,,,synthetic
54,2700,27517,24,48,934,0,,,,synthetic
55,2750,27548,24,48,931,0,,,,synthetic
56,2800,27595,24,48,927,0,,,,synthetic
57,2850,27644,24,48,923,0,,,,synthetic
58,2900,27682,24,48,919,0,,,,synthetic
59,2950,27700,24,48,915,0,,,,synthetic
60,3000,27693,24,48,911,0,,,,synthetic
61,3050,27663,24,48,907,0,,,,synthetic
62,3100,27614,24,48,903,0,,,,synthetic
63,3150,27559,24,48,899,0,,,,synthetic
64,3200,27511,24,48,895,0,,,,synthetic
65,3250,27482,24,48,891,0,,,,synthetic
66,3300,27481,24,48,887,0,,,,synthetic
67,3350,27514,24,48,883,0,,,,synthetic
68,3400,27579,24,48,880,0,,,,synthetic
69,3450,27668,24,48,876,0,,,,synthetic
70,3500,27771,24,48,872,0,,,,synthetic
71,3550,27874,24,48,868,0,,,,synthetic
72,3600,27964,24,48,865,0,,,,synthetic
73,3650,28030,24,48,861,0,,,,synthetic
74,3700,28068,24,48,858,0,,,,synthetic
75,3750,28079,24,48,854,0,,,,synthetic
76,3800,28068,24,48,851,0,,,,synthetic
77,3850,28046,24,48,848,0,,,,synthetic
78,3900,28027,24,48,845,0,,,,synthetic
79,3950,28022,24,48,842,0,,,,synthetic
80,4000,28040,24,48,839,0,,,,synthetic
81,4050,28087,24,48,837,0,,,,synthetic
82,4100,28159,24,48,835,0,,,,synthetic
83,4150,28250,24,48,832,0,,,,synthetic
84,4200,28348,24,48,830,0,,,,synthetic
85,4250,28440,24,48,828,0,,,,synthetic
86,4300,28513,24,48,827,0,,,,synthetic
87,4350,28557,24,48,825,0,,,,synthetic
88,4400,28567,24,48,824,0,,,,synthetic
89,4450,28544,24,48,823,0,,,,synthetic
90,4500,28496,24,48,822,0,,,,synthetic
91,4550,28433,24,48,821,0,,,,synthetic
92,4600,28370,24,48,821,0,,,,synthetic
93,4650,28317,24,48,820,0,,,,synthetic
94,4700,28285,24,48,820,0,,,,synthetic
95,4750,28279,24,48,820,0,,,,synthetic
96,4800,28297,24,48,820,0,,,,synthetic
97,4850,28332,24,48,821,0,,,,synthetic
98,4900,28372,24,48,821,0,,,,synthetic
99,4950,28406,24,48,822,0,,,,synthetic
100,5000,28420,24,48,823,0,,,,synthetic
101,5050,28406,24,48,825,0,,,,synthetic
102,5100,28360,24,48,826,0,,,,synthetic
103,5150,28283,24,48,828,0,,,,synthetic
104,5200,28184,24,48,829,0,,,,synthetic
105,5250,28074,24,48,831,0,,,,synthetic
106,5300,27967,24,48,833,0,,,,synthetic
107,5350,27875,24,48,836,0,,,,synthetic
108,5400,27809,24,48,838,0,,,,synthetic
109,5450,27773,24,48,841,0,,,,synthetic
110,5500,27767,24,48,844,0,,,,synthetic
111,5550,27782,24,48,846,0,,,,synthetic
112,5600,27808,24,48,849,0,,,,synthetic
113,5650,27832,24,48,853,0,,,,synthetic
114,5700,27842,24,48,856,0,,,,synthetic
115,5750,27829,24,48,859,0,,,,synthetic
116,5800,27790,24,48,863,0,,,,synthetic
117,5850,27726,24,48,866,0,,,,synthetic
118,5900,27646,24,48,870,0,,,,synthetic
119,5950,27561,24,48,874,0,,,,synthetic
120,6000,27484,24,48,878,0,,,,synthetic
121,6050,27490,24,48,882,0,,,,synthetic
122,6100,27455,24,48,885,0,,,,synthetic
123,6150,27456,24,48,889,0,,,,synthetic
124,6200,27490,24,48,893,0,,,,synthetic
125,6250,27550,24,48,897,0,,,,synthetic
126,6300,27623,24,48,901,0,,,,synthetic
127,6350,27698,24,48,905,0,,,,synthetic
128,6400,27760,24,48,909,0,,,,synthetic
129,6450,27800,24,48,913,0,,,,synthetic
130,6500,27815,24,48,917,0,,,,synthetic
131,6550,27806,24,48,921,0,,,,synthetic
132,6600,27780,24,48,925,0,,,,synthetic
133,6650,27749,24,48,929,0,,,,synthetic
134,6700,27725,24,48,932,0,,,,synthetic
135,6750,27721,24,48,936,0,,,,synthetic
136,6800,27744,24,48,940,0,,,,synthetic
137,6850,27798,24,48,943,0,,,,synthetic
138,6900,27881,24,48,946,0,,,,synthetic
139,6950,27983,24,48,949,0,,,,synthetic
140,7000,28095,24,48,953,0,,,,synthetic
141,7050,28200,24,48,956,0,,,,synthetic
142,7100,28287,24,48,958,0,,,,synthetic
143,7150,28347,24,48,961,0,,,,synthetic
144,7200,28375,24,48,963,0,,,,synthetic
145,7250,28373,24,48,966,0,,,,synthetic
146,7300,28348,24,48,968,0,,,,synthetic
147,7350,28312,24,48,970,0,,,,synthetic
148,7400,28279,24,48,972,0,,,,synthetic
149,7450,28259,24,48,974,0,,,,synthetic
150,7500,28261,24,48,975,0,,,,synthetic
151,7550,28289,24,48,976,0,,,,synthetic
152,7600,28341,24,48,977,0,,,,synthetic
153,7650,28408,24,48,978,0,,,,synthetic
154,7700,28478,24,48,979,0,,,,synthetic
155,7750,28538,24,48,980,0,,,,synthetic
156,7800,28575,24,48,980,0,,,,synthetic
157,7850,28582,24,48,980,0,,,,synthetic
158,7900,28555,24,48,980,0,,,,synthetic
159,7950,28497,24,48,980,0,,,,synthetic
160,8000,28415,24,48,979,0,,,,synthetic
161,8050,28321,24,48,978,0,,,,synthetic
162,8100,28230,24,48,978,0,,,,synthetic
163,8150,28154,24,48,977,0,,,,synthetic
164,8200,28101,24,48,975,0,,,,synthetic
165,8250,28075,24,48,974,0,,,,synthetic
166,8300,28075,24,48,972,0,,,,synthetic
167,8350,28092,24,48,970,0,,,,synthetic
168,8400,28116,24,48,968,0,,,,synthetic
169,8450,28132,24,48,966,0,,,,synthetic
170,8500,28130,24,48,964,0,,,,synthetic
171,8550,28101,24,48,961,0,,,,synthetic
172,8600,28043,24,48,959,0,,,,synthetic
173,8650,27959,24,48,956,0,,,,synthetic
174,8700,27857,24,48,953,0,,,,synthetic
175,8750,27749,24,48,950,0,,,,synthetic
176,8800,27651,24,48,947,0,,,,synthetic
177,8850,27573,24,48,943,0,,,,synthetic
178,8900,27524,24,48,940,0,,,,synthetic
179,8950,27509,24,48,937,0,,,,synthetic
180,9000,27598,24,48,933,0,,,,synthetic
181,9050,27648,24,48,929,0,,,,synthetic
182,9100,27710,24,48,926,0,,,,synthetic
183,9150,27773,24,48,922,0,,,,synthetic
184,9200,27823,24,48,918,0,,,,synthetic
185,9250,27853,24,48,914,0,,,,synthetic
186,9300,27860,24,48,910,0,,,,synthetic
187,9350,27848,24,48,906,0,,,,synthetic
188,9400,27825,24,48,902,0,,,,synthetic
189,9450,27803,24,48,898,0,,,,synthetic
190,9500,27795,24,48,894,0,,,,synthetic
191,9550,27815,24,48,890,0,,,,synthetic
192,9600,27870,24,48,886,0,,,,synthetic
193,9650,27963,24,48,882,0,,,,synthetic
194,9700,28091,24,48,878,0,,,,synthetic
195,9750,28246,24,48,874,0,,,,synthetic
196,9800,28416,24,48,871,0,,,,synthetic
197,9850,28587,24,48,867,0,,,,synthetic
198,9900,28748,24,48,863,0,,,,synthetic
199,9950,28890,24,48,860,0,,,,synthetic
200,10000,29010,24,48,856,0,,,,synthetic
201,10050,29111,24,48,853,0,,,,synthetic
202,10100,29202,24,48,850,0,,,,synthetic
203,10150,29295,24,48,847,0,,,,synthetic
204,10200,29401,24,48,844,0,,,,synthetic
205,10250,29534,24,48,841,0,,,,synthetic
206,10300,29701,24,48,839,0,,,,synthetic
207,10350,29903,24,48,836,0,,,,synthetic
208,10400,30138,24,48,834,0,,,,synthetic
209,10450,30396,24,48,832,0,,,,synthetic
210,10500,30665,24,48,830,0,,,,synthetic
211,10550,30930,24,48,828,0,,,,synthetic
212,10600,31180,24,48,826,0,,,,synthetic
213,10650,31405,24,48,825,0,,,,synthetic
214,10700,31602,24,48,823,0,,,,synthetic
215,10750,31774,24,48,822,0,,,,synthetic
216,10800,31929,24,48,822,0,,,,synthetic
217,10850,32078,24,48,821,0,,,,synthetic
218,10900,32234,24,48,820,0,,,,synthetic
219,10950,32406,24,48,820,0,,,,synthetic
220,11000,32603,24,48,820,0,,,,synthetic
221,11050,32826,24,48,820,0,,,,synthetic
222,11100,33070,24,48,820,0,,,,synthetic
223,11150,33325,24,48,821,0,,,,synthetic
224,11200,33579,24,48,822,0,,,,synthetic
225,11250,33817,24,48,823,0,,,,synthetic
226,11300,34026,24,48,824,0,,,,synthetic
227,11350,34198,24,48,825,0,,,,synthetic
228,11400,34329,24,48,826,0,,,,synthetic
229,11450,34422,24,48,828,0,,,,synthetic
230,11500,34485,24,48,830,0,,,,synthetic
231,11550,34530,24,48,832,0,,,,synthetic
232,11600,34569,24,48,834,0,,,,synthetic
233,11650,34614,24,48,837,0,,,,synthetic
234,11700,34671,24,48,839,0,,,,synthetic
235,11750,34742,24,48,842,0,,,,synthetic
236,11800,34824,24,48,845,0,,,,synthetic
237,11850,34907,24,48,847,0,,,,synthetic
238,11900,34980,24,48,851,0,,,,synthetic
239,11950,35028,24,48,854,0,,,,synthetic
240,12000,35040,24,48,857,0,,,,synthetic
241,12050,35010,24,48,861,0,,,,synthetic
242,12100,34934,24,48,864,0,,,,synthetic
243,12150,34818,24,48,868,0,,,,synthetic
244,12200,34672,24,48,871,0,,,,synthetic
245,12250,34507,24,48,875,0,,,,synthetic
246,12300,34339,24,48,879,0,,,,synthetic
247,12350,34179,24,48,883,0,,,,synthetic
248,12400,34036,24,48,887,0,,,,synthetic
249,12450,33914,24,48,891,0,,,,synthetic
250,12500,33809,24,48,895,0,,,,synthetic
251,12550,33713,24,48,899,0,,,,synthetic
252,12600,33615,24,48,903,0,,,,synthetic
253,12650,33502,24,48,907,0,,,,synthetic
254,12700,33365,24,48,911,0,,,,synthetic
255,12750,33196,24,48,915,0,,,,synthetic
256,12800,32996,24,48,919,0,,,,synthetic
257,12850,32768,24,48,922,0,,,,synthetic
258,12900,32524,24,48,926,0,,,,synthetic
259,12950,32275,24,48,930,0,,,,synthetic
260,13000,32037,24,48,934,0,,,,synthetic
261,13050,31822,24,48,937,0,,,,synthetic
262,13100,31638,24,48,941,0,,,,synthetic
263,13150,31486,24,48,944,0,,,,synthetic
264,13200,31364,24,48,947,0,,,,synthetic
265,13250,31263,24,48,951,0,,,,synthetic
266,13300,31169,24,48,954,0,,,,synthetic
267,13350,31072,24,48,956,0,,,,synthetic
268,13400,30958,24,48,959,0,,,,synthetic
269,13450,30822,24,48,962,0,,,,synthetic
270,13500,30661,24,48,964,0,,,,synthetic
271,13550,30479,24,48,967,0,,,,synthetic
272,13600,30286,24,48,969,0,,,,synthetic
273,13650,30095,24,48,971,0,,,,synthetic
274,13700,29918,24,48,972,0,,,,synthetic
275,13750,29766,24,48,974,0,,,,synthetic
276,13800,29646,24,48,975,0,,,,synthetic
277,13850,29560,24,48,977,0,,,,synthetic
278,13900,29503,24,48,978,0,,,,synthetic
279,13950,29466,24,48,979,0,,,,synthetic
280,14000,29435,24,48,979,0,,,,synthetic
281,14050,29397,24,48,980,0,,,,synthetic
282,14100,29340,24,48,980,0,,,,synthetic
283,14150,29258,24,48,980,0,,,,synthetic
284,14200,29148,24,48,980,0,,,,synthetic
285,14250,29015,24,48,979,0,,,,synthetic
286,14300,28868,24,48,979,0,,,,synthetic
287,14350,28720,24,48,978,0,,,,synthetic
288,14400,28583,24,48,977,0,,,,synthetic
289,14450,28470,24,48,976,0,,,,synthetic
290,14500,28386,24,48,975,0,,,,synthetic
291,14550,28334,24,48,973,0,,,,synthetic
292,14600,28308,24,48,972,0,,,,synthetic
293,14650,28300,24,48,970,0,,,,synthetic
294,14700,28297,24,48,968,0,,,,synthetic
295,14750,28286,24,48,965,0,,,,synthetic
296,14800,28255,24,48,963,0,,,,synthetic
297,14850,28199,24,48,961,0,,,,synthetic
298,14900,28116,24,48,958,0,,,,synthetic
299,14950,28011,24,48,955,0,,,,synthetic
300,15000,27894,24,48,952,0,,,,synthetic
301,15050,27777,24,48,949,0,,,,synthetic
302,15100,27675,24,48,946,0,,,,synthetic
303,15150,27598,24,48,942,0,,,,synthetic
304,15200,27554,24,48,939,0,,,,synthetic
305,15250,27544,24,48,935,0,,,,synthetic
306,15300,27563,24,48,932,0,,,,synthetic
307,15350,27602,24,48,928,0,,,,synthetic
308,15400,27648,24,48,924,0,,,,synthetic
309,15450,27688,24,48,920,0,,,,synthetic
310,15500,27711,24,48,917,0,,,,synthetic
311,15550,27710,24,48,913,0,,,,synthetic
312,15600,27685,24,48,909,0,,,,synthetic
313,15650,27639,24,48,905,0,,,,synthetic
314,15700,27584,24,48,901,0,,,,synthetic
315,15750,27531,24,48,897,0,,,,synthetic
316,15800,27493,24,48,893,0,,,,synthetic
317,15850,27482,24,48,889,0,,,,synthetic
318,15900,27503,24,48,885,0,,,,synthetic
319,15950,27557,24,48,881,0,,,,synthetic
320,16000,27639,24,48,877,0,,,,synthetic
321,16050,27738,24,48,873,0,,,,synthetic
322,16100,27843,24,48,869,0,,,,synthetic
323,16150,27938,24,48,866,0,,,,synthetic
324,16200,28012,24,48,862,0,,,,synthetic
325,16250,28060,24,48,859,0,,,,synthetic
326,16300,28078,24,48,855,0,,,,synthetic
327,16350,28073,24,48,852,0,,,,synthetic
328,16400,28054,24,48,849,0,,,,synthetic
329,16450,28032,24,48,846,0,,,,synthetic
330,16500,28021,24,48,843,0,,,,synthetic
331,16550,28031,24,48,840,0,,,,synthetic
332,16600,28069,24,48,838,0,,,,synthetic
333,16650,28133,24,48,835,0,,,,synthetic
334,16700,28219,24,48,833,0,,,,synthetic
335,16750,28316,24,48,831,0,,,,synthetic
336,16800,28412,24,48,829,0,,,,synthetic
337,16850,28492,24,48,827,0,,,,synthetic
338,16900,28546,24,48,826,0,,,,synthetic
339,16950,28567,24,48,824,0,,,,synthetic
340,17000,28555,24,48,823,0,,,,synthetic
341,17050,28514,24,48,822,0,,,,synthetic
342,17100,28455,24,48,821,0,,,,synthetic
343,17150,28390,24,48,821,0,,,,synthetic
344,17200,28332,24,48,820,0,,,,synthetic
345,17250,28293,24,48,820,0,,,,synthetic
346,17300,28278,24,48,820,0,,,,synthetic
347,17350,28289,24,48,820,0,,,,synthetic
348,17400,28319,24,48,821,0,,,,synthetic
349,17450,28359,24,48,821,0,,,,synthetic
350,17500,28397,24,48,822,0,,,,synthetic
351,17550,28418,24,48,823,0,,,,synthetic
352,17600,28414,24,48,824,0,,,,synthetic
353,17650,28379,24,48,825,0,,,,synthetic
354,17700,28311,24,48,827,0,,,,synthetic
355,17750,28218,24,48,829,0,,,,synthetic
356,17800,28110,24,48,831,0,,,,synthetic
357,17850,28001,24,48,833,0,,,,synthetic
358,17900,27903,24,48,835,0,,,,synthetic
359,17950,27828,24,48,837,0,,,,synthetic
360,18000,27855,24,48,840,0,,,,synthetic
361,18050,27851,24,48,843,0,,,,synthetic
362,18100,27873,24,48,845,0,,,,synthetic
363,18150,27913,24,48,848,0,,,,synthetic
364,18200,27957,24,48,852,0,,,,synthetic
365,18250,27993,24,48,855,0,,,,synthetic
366,18300,28011,24,48,858,0,,,,synthetic
367,18350,28006,24,48,862,0,,,,synthetic
368,18400,27978,24,48,865,0,,,,synthetic
369,18450,27934,24,48,869,0,,,,synthetic
370,18500,27885,24,48,873,0,,,,synthetic
371,18550,27844,24,48,876,0,,,,synthetic
372,18600,27824,24,48,880,0,,,,synthetic
373,18650,27837,24,48,884,0,,,,synthetic
374,18700,27888,24,48,888,0,,,,synthetic
375,18750,27979,24,48,892,0,,,,synthetic
376,18800,28103,24,48,896,0,,,,synthetic
377,18850,28250,24,48,900,0,,,,synthetic
378,18900,28408,24,48,904,0,,,,synthetic
379,18950,28564,24,48,908,0,,,,synthetic
380,19000,28708,24,48,912,0,,,,synthetic
381,19050,28833,24,48,916,0,,,,synthetic
382,19100,28941,24,48,920,0,,,,synthetic
383,19150,29036,24,48,924,0,,,,synthetic
384,19200,29129,24,48,927,0,,,,synthetic
385,19250,29234,24,48,931,0,,,,synthetic
386,19300,29362,24,48,935,0,,,,synthetic
387,19350,29523,24,48,938,0,,,,synthetic
388,19400,29723,24,48,942,0,,,,synthetic
389,19450,29961,24,48,945,0,,,,synthetic
390,19500,30230,24,48,948,0,,,,synthetic
391,19550,30519,24,48,952,0,,,,synthetic
392,19600,30814,24,48,955,0,,,,synthetic
393,19650,31101,24,48,957,0,,,,synthetic
394,19700,31369,24,48,960,0,,,,synthetic
395,19750,31612,24,48,963,0,,,,synthetic
396,19800,31829,24,48,965,0,,,,synthetic
397,19850,32024,24,48,967,0,,,,synthetic
398,19900,32207,24,48,969,0,,,,synthetic
399,19950,32391,24,48,971,0,,,,synthetic
400,20000,32585,24,48,973,0,,,,synthetic
401,20050,32800,24,48,975,0,,,,synthetic
402,20100,33040,24,48,976,0,,,,synthetic
403,20150,33302,24,48,977,0,,,,synthetic
404,20200,33579,24,48,978,0,,,,synthetic
405,20250,33859,24,48,979,0,,,,synthetic
406,20300,34127,24,48,979,0,,,,synthetic
407,20350,34370,24,48,980,0,,,,synthetic
408,20400,34576,24,48,980,0,,,,synthetic
409,20450,34738,24,48,980,0,,,,synthetic
410,20500,34857,24,48,980,0,,,,synthetic
411,20550,34937,24,48,979,0,,,,synthetic
412,20600,34988,24,48,979,0,,,,synthetic
413,20650,35023,24,48,978,0,,,,synthetic
414,20700,35053,24,48,977,0,,,,synthetic
415,20750,35089,24,48,976,0,,,,synthetic
416,20800,35135,24,48,974,0,,,,synthetic
417,20850,35191,24,48,973,0,,,,synthetic
418,20900,35249,24,48,971,0,,,,synthetic
419,20950,35299,24,48,969,0,,,,synthetic
420,21000,35328,24,48,967,0,,,,synthetic
421,21050,35324,24,48,965,0,,,,synthetic
422,21100,35277,24,48,962,0,,,,synthetic
423,21150,35183,24,48,960,0,,,,synthetic
424,21200,35043,24,48,957,0,,,,synthetic
425,21250,34865,24,48,954,0,,,,synthetic
426,21300,34661,24,48,951,0,,,,synthetic
427,21350,34445,24,48,948,0,,,,synthetic
428,21400,34231,24,48,945,0,,,,synthetic
429,21450,34030,24,48,941,0,,,,synthetic
430,21500,33848,24,48,938,0,,,,synthetic
431,21550,33687,24,48,934,0,,,,synthetic
432,21600,33540,24,48,931,0,,,,synthetic
433,21650,33399,24,48,927,0,,,,synthetic
434,21700,33251,24,48,923,0,,,,synthetic
435,21750,33086,24,48,919,0,,,,synthetic
436,21800,32895,24,48,915,0,,,,synthetic
437,21850,32673,24,48,911,0,,,,synthetic
438,21900,32425,24,48,907,0,,,,synthetic
439,21950,32157,24,48,903,0,,,,synthetic
440,22000,31882,24,48,899,0,,,,synthetic
441,22050,31613,24,48,895,0,,,,synthetic
442,22100,31365,24,48,891,0,,,,synthetic
443,22150,31148,24,48,887,0,,,,synthetic
444,22200,30968,24,48,883,0,,,,synthetic
445,22250,30824,24,48,880,0,,,,synthetic
446,22300,30709,24,48,876,0,,,,synthetic
447,22350,30613,24,48,872,0,,,,synthetic
448,22400,30524,24,48,868,0,,,,synthetic
449,22450,30427,24,48,865,0,,,,synthetic
450,22500,30315,24,48,861,0,,,,synthetic
451,22550,30182,24,48,858,0,,,,synthetic
452,22600,30029,24,48,854,0,,,,synthetic
453,22650,29863,24,48,851,0,,,,synthetic
454,22700,29694,24,48,848,0,,,,synthetic
455,22750,29536,24,48,845,0,,,,synthetic
456,22800,29400,24,48,842,0,,,,synthetic
457,22850,29297,24,48,839,0,,,,synthetic
458,22900,29229,24,48,837,0,,,,synthetic
459,22950,29194,24,48,835,0,,,,synthetic
460,23000,29186,24,48,832,0,,,,synthetic
461,23050,29193,24,48,830,0,,,,synthetic
462,23100,29200,24,48,828,0,,,,synthetic
463,23150,29194,24,48,827,0,,,,synthetic
464,23200,29166,24,48,825,0,,,,synthetic
465,23250,29110,24,48,824,0,,,,synthetic
466,23300,29028,24,48,823,0,,,,synthetic
467,23350,28926,24,48,822,0,,,,synthetic
468,23400,28814,24,48,821,0,,,,synthetic
469,23450,28706,24,48,821,0,,,,synthetic
470,23500,28613,24,48,820,0,,,,synthetic
471,23550,28546,24,48,820,0,,,,synthetic
472,23600,28508,24,48,820,0,,,,synthetic
473,23650,28497,24,48,820,0,,,,synthetic
474,23700,28507,24,48,821,0,,,,synthetic
475,23750,28525,24,48,821,0,,,,synthetic
476,23800,28538,24,48,822,0,,,,synthetic
477,23850,28534,24,48,823,0,,,,synthetic
478,23900,28505,24,48,825,0,,,,synthetic
479,23950,28444,24,48,826,0,,,,synthetic
480,24000,28356,24,48,828,0,,,,synthetic
481,24050,28246,24,48,829,0,,,,synthetic
482,24100,28127,24,48,831,0,,,,synthetic
483,24150,28011,24,48,833,0,,,,synthetic
484,24200,27913,24,48,836,0,,,,synthetic
485,24250,27842,24,48,838,0,,,,synthetic
486,24300,27801,24,48,841,0,,,,synthetic
487,24350,27790,24,48,844,0,,,,synthetic
488,24400,27801,24,48,846,0,,,,synthetic
489,24450,27824,24,48,850,0,,,,synthetic
490,24500,27846,24,48,853,0,,,,synthetic
491,24550,27853,24,48,856,0,,,,synthetic
492,24600,27839,24,48,859,0,,,,synthetic
493,24650,27798,24,48,863,0,,,,synthetic
494,24700,27732,24,48,866,0,,,,synthetic
495,24750,27651,24,48,870,0,,,,synthetic
496,24800,27564,24,48,874,0,,,,synthetic
497,24850,27487,24,48,878,0,,,,synthetic
498,24900,27430,24,48,882,0,,,,synthetic
499,24950,27404,24,48,885,0,,,,synthetic
500,25000,27413,24,48,889,0,,,,synthetic
501,25050,27453,24,48,893,0,,,,synthetic
502,25100,27519,24,48,897,0,,,,synthetic
503,25150,27597,24,48,901,0,,,,synthetic
504,25200,27676,24,48,905,0,,,,synthetic
505,25250,27741,24,48,909,0,,,,synthetic
506,25300,27785,24,48,913,0,,,,synthetic
507,25350,27802,24,48,917,0,,,,synthetic
508,25400,27795,24,48,921,0,,,,synthetic
509,25450,27771,24,48,925,0,,,,synthetic
510,25500,27741,24,48,929,0,,,,synthetic
511,25550,27719,24,48,932,0,,,,synthetic
512,25600,27715,24,48,936,0,,,,synthetic
513,25650,27740,24,48,940,0,,,,synthetic
514,25700,27795,24,48,943,0,,,,synthetic
515,25750,27878,24,48,946,0,,,,synthetic
516,25800,27982,24,48,950,0,,,,synthetic
517,25850,28094,24,48,953,0,,,,synthetic
518,25900,28199,24,48,956,0,,,,synthetic
519,25950,28287,24,48,958,0,,,,synthetic
520,26000,28346,24,48,961,0,,,,synthetic
521,26050,28374,24,48,964,0,,,,synthetic
522,26100,28372,24,48,966,0,,,,synthetic
523,26150,28347,24,48,968,0,,,,synthetic
524,26200,28312,24,48,970,0,,,,synthetic
525,26250,28278,24,48,972,0,,,,synthetic
526,26300,28258,24,48,974,0,,,,synthetic
527,26350,28261,24,48,975,0,,,,synthetic
528,26400,28290,24,48,976,0,,,,synthetic
529,26450,28341,24,48,977,0,,,,synthetic
530,26500,28408,24,48,978,0,,,,synthetic
531,26550,28478,24,48,979,0,,,,synthetic
532,26600,28538,24,48,980,0,,,,synthetic
533,26650,28576,24,48,980,0,,,,synthetic
534,26700,28582,24,48,980,0,,,,synthetic
535,26750,28555,24,48,980,0,,,,synthetic
536,26800,28496,24,48,980,0,,,,synthetic
537,26850,28414,24,48,979,0,,,,synthetic
538,26900,28320,24,48,978,0,,,,synthetic
539,26950,28229,24,48,978,0,,,,synthetic
540,27000,28226,24,48,977,0,,,,synthetic
541,27050,28185,24,48,975,0,,,,synthetic
542,27100,28174,24,48,974,0,,,,synthetic
543,27150,28189,24,48,972,0,,,,synthetic
544,27200,28224,24,48,970,0,,,,synthetic
545,27250,28268,24,48,968,0,,,,synthetic
546,27300,28307,24,48,966,0,,,,synthetic
547,27350,28330,24,48,964,0,,,,synthetic
548,27400,28330,24,48,961,0,,,,synthetic
549,27450,28303,24,48,959,0,,,,synthetic
550,27500,28255,24,48,956,0,,,,synthetic
551,27550,28193,24,48,953,0,,,,synthetic
552,27600,28130,24,48,950,0,,,,synthetic
553,27650,28080,24,48,947,0,,,,synthetic
554,27700,28057,24,48,943,0,,,,synthetic
555,27750,28068,24,48,940,0,,,,synthetic
556,27800,28119,24,48,937,0,,,,synthetic
557,27850,28206,24,48,933,0,,,,synthetic
558,27900,28322,24,48,929,0,,,,synthetic
559,27950,28456,24,48,925,0,,,,synthetic
560,28000,28594,24,48,922,0,,,,synthetic
561,28050,28726,24,48,918,0,,,,synthetic
562,28100,28842,24,48,914,0,,,,synthetic
563,28150,28941,24,48,910,0,,,,synthetic
564,28200,29026,24,48,906,0,,,,synthetic
565,28250,29105,24,48,902,0,,,,synthetic
566,28300,29189,24,48,898,0,,,,synthetic
567,28350,29293,24,48,894,0,,,,synthetic
568,28400,29428,24,48,890,0,,,,synthetic
569,28450,29602,24,48,886,0,,,,synthetic
570,28500,29817,24,48,882,0,,,,synthetic
571,28550,30070,24,48,878,0,,,,synthetic
572,28600,30352,24,48,874,0,,,,synthetic
573,28650,30649,24,48,871,0,,,,synthetic
574,28700,30947,24,48,867,0,,,,synthetic
575,28750,31234,24,48,863,0,,,,synthetic
576,28800,31500,24,48,860,0,,,,synthetic
577,28850,31742,24,48,856,0,,,,synthetic
578,28900,31960,24,48,853,0,,,,synthetic
579,28950,32163,24,48,850,0,,,,synthetic
580,29000,32361,24,48,847,0,,,,synthetic
581,29050,32566,24,48,844,0,,,,synthetic
582,29100,32788,24,48,841,0,,,,synthetic
583,29150,33033,24,48,839,0,,,,synthetic
584,29200,33303,24,48,836,0,,,,synthetic
585,29250,33592,24,48,834,0,,,,synthetic
586,29300,33891,24,48,832,0,,,,synthetic
587,29350,34185,24,48,830,0,,,,synthetic
588,29400,34460,24,48,828,0,,,,synthetic
589,29450,34702,24,48,826,0,,,,synthetic
590,29500,34902,24,48,825,0,,,,synthetic
591,29550,35055,24,48,823,0,,,,synthetic
592,29600,35165,24,48,822,0,,,,synthetic
593,29650,35239,24,48,822,0,,,,synthetic
594,29700,35288,24,48,821,0,,,,synthetic
595,29750,35324,24,48,820,0,,,,synthetic
596,29800,35358,24,48,820,0,,,,synthetic
597,29850,35398,24,48,820,0,,,,synthetic
598,29900,35446,24,48,820,0,,,,synthetic
599,29950,35498,24,48,820,0,,,,synthetic
600,30000,35546,24,48,821,0,,,,synthetic
601,30050,35576,24,48,822,0,,,,synthetic
602,30100,35577,24,48,823,0,,,,synthetic
603,30150,35537,24,48,824,0,,,,synthetic
604,30200,35448,24,48,825,0,,,,synthetic
605,30250,35311,24,48,826,0,,,,synthetic
606,30300,35128,24,48,828,0,,,,synthetic
607,30350,34910,24,48,830,0,,,,synthetic
608,30400,34672,24,48,832,0,,,,synthetic
609,30450,34426,24,48,834,0,,,,synthetic
610,30500,34187,24,48,837,0,,,,synthetic
611,30550,33964,24,48,839,0,,,,synthetic
612,30600,33760,24,48,842,0,,,,synthetic
613,30650,33574,24,48,845,0,,,,synthetic
614,30700,33397,24,48,847,0,,,,synthetic
615,30750,33220,24,48,851,0,,,,synthetic
616,30800,33032,24,48,854,0,,,,synthetic
617,30850,32820,24,48,857,0,,,,synthetic
618,30900,32581,24,48,861,0,,,,synthetic
619,30950,32314,24,48,864,0,,,,synthetic
620,31000,32023,24,48,868,0,,,,synthetic
621,31050,31719,24,48,871,0,,,,synthetic
622,31100,31416,24,48,875,0,,,,synthetic
623,31150,31128,24,48,879,0,,,,synthetic
624,31200,30868,24,48,883,0,,,,synthetic
625,31250,30645,24,48,887,0,,,,synthetic
626,31300,30461,24,48,891,0,,,,synthetic
627,31350,30313,24,48,895,0,,,,synthetic
628,31400,30192,24,48,899,0,,,,synthetic
629,31450,30086,24,48,903,0,,,,synthetic
630,31500,29983,24,48,907,0,,,,synthetic
631,31550,29871,24,48,911,0,,,,synthetic
632,31600,29743,24,48,915,0,,,,synthetic
633,31650,29597,24,48,919,0,,,,synthetic
634,31700,29436,24,48,922,0,,,,synthetic
635,31750,29270,24,48,926,0,,,,synthetic
636,31800,29110,24,48,930,0,,,,synthetic
637,31850,28971,24,48,934,0,,,,synthetic
638,31900,28861,24,48,937,0,,,,synthetic
639,31950,28789,24,48,941,0,,,,synthetic
640,32000,28755,24,48,944,0,,,,synthetic
641,32050,28755,24,48,947,0,,,,synthetic
642,32100,28778,24,48,951,0,,,,synthetic
643,32150,28811,24,48,954,0,,,,synthetic
644,32200,28841,24,48,956,0,,,,synthetic
645,32250,28854,24,48,959,0,,,,synthetic
646,32300,28843,24,48,962,0,,,,synthetic
647,32350,28806,24,48,964,0,,,,synthetic
648,32400,28746,24,48,967,0,,,,synthetic
649,32450,28672,24,48,969,0,,,,synthetic
650,32500,28596,24,48,971,0,,,,synthetic
651,32550,28530,24,48,972,0,,,,synthetic
652,32600,28485,24,48,974,0,,,,synthetic
653,32650,28468,24,48,976,0,,,,synthetic
654,32700,28479,24,48,977,0,,,,synthetic
655,32750,28515,24,48,978,0,,,,synthetic
656,32800,28564,24,48,979,0,,,,synthetic
657,32850,28614,24,48,979,0,,,,synthetic
658,32900,28652,24,48,980,0,,,,synthetic
659,32950,28667,24,48,980,0,,,,synthetic
660,33000,28650,24,48,980,0,,,,synthetic
661,33050,28601,24,48,980,0,,,,synthetic
662,33100,28524,24,48,979,0,,,,synthetic
663,33150,28429,24,48,979,0,,,,synthetic
664,33200,28328,24,48,978,0,,,,synthetic
665,33250,28234,24,48,977,0,,,,synthetic
666,33300,28160,24,48,976,0,,,,synthetic
667,33350,28112,24,48,975,0,,,,synthetic
668,33400,28093,24,48,973,0,,,,synthetic
669,33450,28096,24,48,972,0,,,,synthetic
670,33500,28114,24,48,970,0,,,,synthetic
671,33550,28134,24,48,968,0,,,,synthetic
672,33600,28143,24,48,965,0,,,,synthetic
673,33650,28131,24,48,963,0,,,,synthetic
674,33700,28091,24,48,960,0,,,,synthetic
675,33750,28022,24,48,958,0,,,,synthetic
676,33800,27929,24,48,955,0,,,,synthetic
677,33850,27823,24,48,952,0,,,,synthetic
678,33900,27717,24,48,949,0,,,,synthetic
679,33950,27623,24,48,946,0,,,,synthetic
680,34000,27554,24,48,942,0,,,,synthetic
681,34050,27517,24,48,939,0,,,,synthetic
682,34100,27513,24,48,935,0,,,,synthetic
683,34150,27537,24,48,932,0,,,,synthetic
684,34200,27580,24,48,928,0,,,,synthetic
685,34250,27629,24,48,924,0,,,,synthetic
686,34300,27672,24,48,920,0,,,,synthetic
687,34350,27698,24,48,916,0,,,,synthetic
688,34400,27699,24,48,913,0,,,,synthetic
689,34450,27675,24,48,909,0,,,,synthetic
690,34500,27631,24,48,905,0,,,,synthetic
691,34550,27577,24,48,901,0,,,,synthetic
692,34600,27525,24,48,897,0,,,,synthetic
693,34650,27489,24,48,893,0,,,,synthetic
694,34700,27478,24,48,889,0,,,,synthetic
695,34750,27500,24,48,885,0,,,,synthetic
696,34800,27555,24,48,881,0,,,,synthetic
697,34850,27638,24,48,877,0,,,,synthetic
698,34900,27738,24,48,873,0,,,,synthetic
699,34950,27842,24,48,869,0,,,,synthetic
700,35000,27937,24,48,866,0,,,,synthetic
701,35050,28012,24,48,862,0,,,,synthetic
702,35100,28059,24,48,859,0,,,,synthetic
703,35150,28078,24,48,855,0,,,,synthetic
704,35200,28073,24,48,852,0,,,,synthetic
705,35250,28053,24,48,849,0,,,,synthetic
706,35300,28032,24,48,846,0,,,,synthetic
707,35350,28021,24,48,843,0,,,,synthetic
708,35400,28031,24,48,840,0,,,,synthetic
709,35450,28069,24,48,838,0,,,,synthetic
710,35500,28133,24,48,835,0,,,,synthetic
711,35550,28220,24,48,833,0,,,,synthetic
712,35600,28317,24,48,831,0,,,,synthetic
713,35650,28412,24,48,829,0,,,,synthetic
714,35700,28493,24,48,827,0,,,,synthetic
715,35750,28546,24,48,826,0,,,,synthetic
716,35800,28567,24,48,824,0,,,,synthetic
717,35850,28554,24,48,823,0,,,,synthetic
718,35900,28513,24,48,822,0,,,,synthetic
719,35950,28454,24,48,821,0,,,,synthetic
720,36000,28462,24,48,821,0,,,,synthetic
721,36050,28417,24,48,820,0,,,,synthetic
722,36100,28391,24,48,820,0,,,,synthetic
723,36150,28393,24,48,820,0,,,,synthetic
724,36200,28421,24,48,820,0,,,,synthetic
725,36250,28471,24,48,821,0,,,,synthetic
726,36300,28534,24,48,821,0,,,,synthetic
727,36350,28597,24,48,822,0,,,,synthetic
728,36400,28647,24,48,823,0,,,,synthetic
729,36450,28675,24,48,824,0,,,,synthetic
730,36500,28675,24,48,825,0,,,,synthetic
731,36550,28647,24,48,827,0,,,,synthetic
732,36600,28599,24,48,829,0,,,,synthetic
733,36650,28540,24,48,831,0,,,,synthetic
734,36700,28484,24,48,833,0,,,,synthetic
735,36750,28446,24,48,835,0,,,,synthetic
736,36800,28437,24,48,837,0,,,,synthetic
737,36850,28462,24,48,840,0,,,,synthetic
738,36900,28525,24,48,843,0,,,,synthetic
739,36950,28619,24,48,846,0,,,,synthetic
740,37000,28734,24,48,849,0,,,,synthetic
741,37050,28860,24,48,852,0,,,,synthetic
742,37100,28982,24,48,855,0,,,,synthetic
743,37150,29092,24,48,858,0,,,,synthetic
744,37200,29184,24,48,862,0,,,,synthetic
745,37250,29258,24,48,865,0,,,,synthetic
746,37300,29321,24,48,869,0,,,,synthetic
747,37350,29383,24,48,873,0,,,,synthetic
748,37400,29457,24,48,876,0,,,,synthetic
749,37450,29556,24,48,880,0,,,,synthetic
750,37500,29691,24,48,884,0,,,,synthetic
751,37550,29867,24,48,888,0,,,,synthetic
752,37600,30084,24,48,892,0,,,,synthetic
753,37650,30335,24,48,896,0,,,,synthetic
754,37700,30610,24,48,900,0,,,,synthetic
755,37750,30894,24,48,904,0,,,,synthetic
756,37800,31175,24,48,908,0,,,,synthetic
757,37850,31439,24,48,912,0,,,,synthetic
758,37900,31682,24,48,916,0,,,,synthetic
759,37950,31901,24,48,920,0,,,,synthetic
760,38000,32102,24,48,924,0,,,,synthetic
761,38050,32294,24,48,927,0,,,,synthetic
762,38100,32487,24,48,931,0,,,,synthetic
763,38150,32694,24,48,935,0,,,,synthetic
764,38200,32922,24,48,938,0,,,,synthetic
765,38250,33177,24,48,942,0,,,,synthetic
766,38300,33456,24,48,945,0,,,,synthetic
767,38350,33750,24,48,948,0,,,,synthetic
768,38400,34049,24,48,952,0,,,,synthetic
769,38450,34336,24,48,955,0,,,,synthetic
770,38500,34599,24,48,957,0,,,,synthetic
771,38550,34823,24,48,960,0,,,,synthetic
772,38600,35004,24,48,963,0,,,,synthetic
773,38650,35139,24,48,965,0,,,,synthetic
774,38700,35234,24,48,967,0,,,,synthetic
775,38750,35298,24,48,969,0,,,,synthetic
776,38800,35342,24,48,971,0,,,,synthetic
777,38850,35380,24,48,973,0,,,,synthetic
778,38900,35421,24,48,975,0,,,,synthetic
779,38950,35468,24,48,976,0,,,,synthetic
780,39000,35522,24,48,977,0,,,,synthetic
781,39050,35576,24,48,978,0,,,,synthetic
782,39100,35619,24,48,979,0,,,,synthetic
783,39150,35638,24,48,979,0,,,,synthetic
784,39200,35621,24,48,980,0,,,,synthetic
785,39250,35558,24,48,980,0,,,,synthetic
786,39300,35444,24,48,980,0,,,,synthetic
787,39350,35282,24,48,980,0,,,,synthetic
788,39400,35078,24,48,979,0,,,,synthetic
789,39450,34845,24,48,979,0,,,,synthetic
790,39500,34596,24,48,978,0,,,,synthetic
791,39550,34346,24,48,977,0,,,,synthetic
792,39600,34107,24,48,976,0,,,,synthetic
793,39650,33884,24,48,974,0,,,,synthetic
794,39700,33680,24,48,973,0,,,,synthetic
795,39750,33489,24,48,971,0,,,,synthetic
796,39800,33303,24,48,969,0,,,,synthetic
797,39850,33108,24,48,967,0,,,,synthetic
798,39900,32896,24,48,965,0,,,,synthetic
799,39950,32657,24,48,962,0,,,,synthetic
