type,elapsedMs,hostElapsedMs,serverTime,payload
created,0,,2026-09-26T09:33:03.924821+00:00,"{""protocol"": ""oriori-exploratory-v1"", ""synthetic"": true}"
consent,0,,2026-09-26T09:33:37.138792+00:00,"{""version"": ""1.0"", ""experience"": true, ""research"": false, ""ai"": true}"
measurement_start,0,0,2026-09-26T09:33:53.416790+00:00,{}
stage_start,0,27,2026-09-26T09:33:53.443941+00:00,"{""stage"": ""baseline"", ""clientPerformanceMs"": 35845.10000002384}"
device_clock_reset,40,42,2026-09-26T09:33:53.458574+00:00,{}
stage_end,6010,6108,2026-09-26T09:33:59.525103+00:00,"{""stage"": ""baseline""}"
stage_start,6010,6110,2026-09-26T09:33:59.526940+00:00,"{""stage"": ""reaction"", ""clientPerformanceMs"": 41858.30000001192}"
stimulus,6710,6748,2026-09-26T09:34:00.164938+00:00,"{""trial"": 0, ""clientPerformanceMs"": 42551.60000002384}"
reaction,7910,8015,2026-09-26T09:34:01.431690+00:00,"{""trial"": 0, ""reactionMs"": 1260, ""source"": ""screen"", ""clock"": ""browser_performance""}"
stimulus,8710,8752,2026-09-26T09:34:02.169268+00:00,"{""trial"": 1, ""clientPerformanceMs"": 44549.10000002384}"
reaction,9611,9707,2026-09-26T09:34:03.123702+00:00,"{""trial"": 1, ""reactionMs"": 945, ""source"": ""screen"", ""clock"": ""browser_performance""}"
false_start,10011,10109,2026-09-26T09:34:03.525631+00:00,"{""trial"": 2}"
false_start,10210,10252,2026-09-26T09:34:03.669188+00:00,"{""trial"": 2}"
false_start,10310,10437,2026-09-26T09:34:03.853679+00:00,"{""trial"": 2}"
false_start,10510,10602,2026-09-26T09:34:04.018869+00:00,"{""trial"": 2}"
stimulus,10710,10753,2026-09-26T09:34:04.169662+00:00,"{""trial"": 2, ""clientPerformanceMs"": 46547.5}"
reaction,11110,11155,2026-09-26T09:34:04.571773+00:00,"{""trial"": 2, ""reactionMs"": 407, ""source"": ""screen"", ""clock"": ""browser_performance""}"
stimulus,12711,12802,2026-09-26T09:34:06.218409+00:00,"{""trial"": 3, ""clientPerformanceMs"": 48549.200000047684}"
stimulus,14710,14767,2026-09-26T09:34:08.183368+00:00,"{""trial"": 4, ""clientPerformanceMs"": 50547.200000047684}"
stage_end,16010,16105,2026-09-26T09:34:09.521841+00:00,"{""stage"": ""reaction""}"
stage_start,16010,16107,2026-09-26T09:34:09.523651+00:00,"{""stage"": ""social"", ""clientPerformanceMs"": 51849.80000001192}"
social_stimulus,16010,16113,2026-09-26T09:34:09.529738+00:00,"{""index"": 0}"
social_stimulus,18009,18096,2026-09-26T09:34:11.513056+00:00,"{""index"": 1}"
social_stimulus,20009,20030,2026-09-26T09:34:13.447109+00:00,"{""index"": 2}"
stage_end,22009,22055,2026-09-26T09:34:15.471988+00:00,"{""stage"": ""social""}"
stage_start,22009,22057,2026-09-26T09:34:15.473937+00:00,"{""stage"": ""awareness"", ""clientPerformanceMs"": 57849.10000002384}"
awareness,23609,23918,2026-09-26T09:34:17.334902+00:00,"{""source"": ""screen""}"
stage_end,26009,26047,2026-09-26T09:34:19.464043+00:00,"{""stage"": ""awareness""}"
stage_start,26009,26049,2026-09-26T09:34:19.465839+00:00,"{""stage"": ""anticipation"", ""clientPerformanceMs"": 61847.80000001192}"
visibility,29710,29822,2026-09-26T09:34:23.238310+00:00,"{""hidden"": true}"
stage_end,30746,30775,2026-09-26T09:34:24.191671+00:00,"{""stage"": ""anticipation""}"
visibility,29959,30778,2026-09-26T09:34:24.194483+00:00,"{""hidden"": false}"
stage_start,30746,30777,2026-09-26T09:34:24.193700+00:00,"{""stage"": ""speech"", ""clientPerformanceMs"": 66584.70000004768}"
visibility,31809,31972,2026-09-26T09:34:25.388893+00:00,"{""hidden"": true}"
stage_end,35959,35986,2026-09-26T09:34:29.402876+00:00,"{""stage"": ""speech""}"
stage_start,35959,35988,2026-09-26T09:34:29.404839+00:00,"{""stage"": ""recovery"", ""clientPerformanceMs"": 71798.20000004768}"
measurement_end,40994,41005,2026-09-26T09:34:34.422170+00:00,"{""observedHz"": 20.0, ""synthetic"": true}"
